[
{
    "model": "sessions.session",
    "pk": "896a4hz3raw8bhuut721k12r5huhcii7",
    "fields": {
        "session_data": ".eJxVjDsOwjAQBe_iGln-xYkp6TmDtetd4wCypTipEHeHSCmgfTPzXiLCtpa4dV7iTOIstDj9bgjpwXUHdId6azK1ui4zyl2RB-3y2oifl8P9OyjQy7c2ZFRSU9aajcuMASGzzZjADp5JQ_De2TDyoFVCxcwhaMiQJxgVORTvDwgXORU:1mEs7z:CGh4aTMSzRfnfinC4s8ttYMxAyzXXciES-bvpLQwNdA",
        "expire_date": "2021-08-28T11:47:03.692Z"
    }
},
{
    "model": "sessions.session",
    "pk": "chvtw49cevw5c112v6e5vmkj3fhaxkmc",
    "fields": {
        "session_data": "eyJzb2NpYWxhY2NvdW50X3N0YXRlIjpbeyJwcm9jZXNzIjoibG9naW4iLCJzY29wZSI6IiIsImF1dGhfcGFyYW1zIjoiIn0sIjIxWG1vSGY2ckRDMCJdfQ:1mDlpw:JDvNme5Vuj2aYR0xM_igqT8DxKyLKSMsFkWdMpZ3VEk",
        "expire_date": "2021-08-25T10:51:52.889Z"
    }
},
{
    "model": "sessions.session",
    "pk": "q710u1hp29tqvqrg9eg8nuxwsrivu4us",
    "fields": {
        "session_data": ".eJxVjDsOwjAQBe_iGln-xYkp6TmDtetd4wCypTipEHeHSCmgfTPzXiLCtpa4dV7iTOIstDj9bgjpwXUHdId6azK1ui4zyl2RB-3y2oifl8P9OyjQy7c2ZFRSU9aajcuMASGzzZjADp5JQ_De2TDyoFVCxcwhaMiQJxgVORTvDwgXORU:1mDagX:ozqcI3-5-gqv7bk5gd6uePEe9HrodpEWEQbnJtby92U",
        "expire_date": "2021-08-24T22:57:25.189Z"
    }
},
{
    "model": "sessions.session",
    "pk": "uni3d2axnu6pltqrn1a7u0i2rrdgtz7b",
    "fields": {
        "session_data": ".eJxVjDsOwjAQBe_iGln2xp8NJX3OYO36gwMokeKkQtydREoB7cy89xaBtrWGreUljElchVbi8guZ4jNPh0kPmu6zjPO0LiPLI5GnbXKYU37dzvbvoFKr-zoWB65o1s5Gh8V3hnuMkDskrTSgLcojF-ygNwQMpjBmIA87cMpb8fkC8xQ3Gw:1mF54l:kYpWu-9Urxnz4qlizkZL5BNXMmEZIhx1AXtOX_Lo60Y",
        "expire_date": "2021-08-29T01:36:35.481Z"
    }
},
{
    "model": "sites.site",
    "fields": {
        "domain": "localhost:8000/",
        "name": "localhost:8000/"
    }
},
{
    "model": "socialaccount.socialapp",
    "pk": 1,
    "fields": {
        "provider": "facebook",
        "name": "Facebook Login",
        "client_id": "1621842568019771",
        "secret": "4e3a7e3d3939a5f98a7ebbbb3bc91f11",
        "key": "",
        "sites": [
            [
                "localhost:8000/"
            ]
        ]
    }
},
{
    "model": "socialaccount.socialapp",
    "pk": 2,
    "fields": {
        "provider": "google",
        "name": "Google Login",
        "client_id": "1095286233978-gq770ln1mehn10ifidt7aqeb12atj8l9.apps.googleusercontent.com",
        "secret": "d_aklt5EdFbvDhtyRbFNRBmr",
        "key": "",
        "sites": [
            [
                "localhost:8000/"
            ]
        ]
    }
},
{
    "model": "socialaccount.socialtoken",
    "pk": 1,
    "fields": {
        "app": 1,
        "account": 1,
        "token": "EAAXDDqYlZCzsBAIdmZAZCLJ61jk2GlKtZAzZALXOkSOvXUqjT8NxNvaWyCnL0UDBFrdSmZBRgLVmtmMr3tQYaL92Pe0IcUPnfu0cuBsc6rmhSsfoXQo1x2dBqdEoTNf8UdDEhIj2SqZAMN8WEuuAvs2fwA6OV7OCLLXTHEFzJnRk9I3FfqUXlPZBd9hqJtCdnQQZD",
        "token_secret": "",
        "expires_at": "2021-10-13T11:07:53.046Z"
    }
},
{
    "model": "socialaccount.socialtoken",
    "pk": 2,
    "fields": {
        "app": 2,
        "account": 2,
        "token": "ya29.a0ARrdaM-7AibSMiUOUBgXyLfwyK8FrWVcudX13rYXNs-OYeT0HreUUMQQDp2G3O1eRBj5G7xLmNi-cTN3rLtU1uCImjGnjHlz61LFGd2bxaoGLYpXv4C9y_pkXd878DSxMSah_ikTW0rKWpDPDlsfbezsEDFP",
        "token_secret": "",
        "expires_at": "2021-08-13T15:03:42.521Z"
    }
},
{
    "model": "socialaccount.socialtoken",
    "pk": 3,
    "fields": {
        "app": 2,
        "account": 3,
        "token": "ya29.a0ARrdaM82mXe534ZqJ2pbu42eizUjbjG__B0M2HQS5KZeZVfj5pxGWy4WyPOV5N2elLx979NRzLkFWI9s6V3UZEviizUJvQVA9YCQrB_xZ-F1BAutm1NMjK5GZ85IewSDSz3K-wZb21p8deyuvb94x4G3_M8L",
        "token_secret": "",
        "expires_at": "2021-08-11T11:50:38.235Z"
    }
},
{
    "model": "users.customuser",
    "fields": {
        "password": "pbkdf2_sha256$260000$j9JYjJcZhPBGkATTpnKHMe$N36pmcuYn/LRQ9Dn6KjC5PZGPFfHN1HFzMhTvipcBSw=",
        "last_login": "2021-08-15T01:17:25.081Z",
        "is_superuser": true,
        "username": "sayed",
        "first_name": "",
        "last_name": "",
        "email": "",
        "is_staff": true,
        "is_active": true,
        "date_joined": "2021-08-10T15:44:13.983Z",
        "groups": [],
        "user_permissions": []
    }
},
{
    "model": "users.customuser",
    "fields": {
        "password": "nuruddin123",
        "last_login": null,
        "is_superuser": false,
        "username": "DjangoForm",
        "first_name": "",
        "last_name": "",
        "email": "",
        "is_staff": false,
        "is_active": true,
        "date_joined": "2021-08-10T18:29:59.764Z",
        "groups": [],
        "user_permissions": []
    }
},
{
    "model": "users.customuser",
    "fields": {
        "password": "123",
        "last_login": null,
        "is_superuser": false,
        "username": "DjangoFormTwo",
        "first_name": "",
        "last_name": "",
        "email": "",
        "is_staff": false,
        "is_active": true,
        "date_joined": "2021-08-10T20:24:46.801Z",
        "groups": [],
        "user_permissions": []
    }
},
{
    "model": "users.customuser",
    "fields": {
        "password": "1234",
        "last_login": null,
        "is_superuser": false,
        "username": "DjangoFormThree",
        "first_name": "",
        "last_name": "",
        "email": "",
        "is_staff": false,
        "is_active": true,
        "date_joined": "2021-08-10T20:37:53.985Z",
        "groups": [],
        "user_permissions": []
    }
},
{
    "model": "users.customuser",
    "fields": {
        "password": "123",
        "last_login": null,
        "is_superuser": false,
        "username": "DjangoFormFour",
        "first_name": "",
        "last_name": "",
        "email": "",
        "is_staff": false,
        "is_active": true,
        "date_joined": "2021-08-10T20:38:57.546Z",
        "groups": [],
        "user_permissions": []
    }
},
{
    "model": "users.customuser",
    "fields": {
        "password": "123",
        "last_login": null,
        "is_superuser": false,
        "username": "nuruddinsayeed@gmail.com",
        "first_name": "",
        "last_name": "",
        "email": "",
        "is_staff": false,
        "is_active": true,
        "date_joined": "2021-08-10T20:42:17.355Z",
        "groups": [],
        "user_permissions": []
    }
},
{
    "model": "users.customuser",
    "fields": {
        "password": "123",
        "last_login": null,
        "is_superuser": false,
        "username": "FromDjanoFormFive",
        "first_name": "",
        "last_name": "",
        "email": "",
        "is_staff": false,
        "is_active": true,
        "date_joined": "2021-08-10T21:24:22.831Z",
        "groups": [],
        "user_permissions": []
    }
},
{
    "model": "users.customuser",
    "fields": {
        "password": "1234",
        "last_login": null,
        "is_superuser": false,
        "username": "FromDjanoFormSix",
        "first_name": "",
        "last_name": "",
        "email": "",
        "is_staff": false,
        "is_active": true,
        "date_joined": "2021-08-10T21:24:57.562Z",
        "groups": [],
        "user_permissions": []
    }
},
{
    "model": "users.customuser",
    "fields": {
        "password": "123",
        "last_login": null,
        "is_superuser": false,
        "username": "django",
        "first_name": "",
        "last_name": "",
        "email": "",
        "is_staff": false,
        "is_active": true,
        "date_joined": "2021-08-10T22:51:39.331Z",
        "groups": [],
        "user_permissions": []
    }
},
{
    "model": "users.customuser",
    "fields": {
        "password": "!YSqKckhSvBCYUmOiFsERPtOQJgnffxRwin0QKJvV",
        "last_login": "2021-08-15T01:36:35.473Z",
        "is_superuser": false,
        "username": "nuruddin",
        "first_name": "Nuruddin",
        "last_name": "Sayed",
        "email": "",
        "is_staff": false,
        "is_active": true,
        "date_joined": "2021-08-11T09:37:43.963Z",
        "groups": [],
        "user_permissions": []
    }
},
{
    "model": "users.customuser",
    "fields": {
        "password": "!FEDVGGZTrFUHXHeRKtM7TszR2wqdivmeuK162rVg",
        "last_login": "2021-08-13T14:03:43.789Z",
        "is_superuser": false,
        "username": "nuruddin4",
        "first_name": "Nuruddin",
        "last_name": "Syeed",
        "email": "",
        "is_staff": false,
        "is_active": true,
        "date_joined": "2021-08-11T09:54:56.000Z",
        "groups": [],
        "user_permissions": []
    }
},
{
    "model": "users.customuser",
    "fields": {
        "password": "!OtYngOJzN9aUSU948BdhTQOKNvUfau229iC28Bgb",
        "last_login": "2021-08-11T10:50:42.682Z",
        "is_superuser": false,
        "username": "linuxplus",
        "first_name": "LinuxPlus",
        "last_name": "",
        "email": "",
        "is_staff": false,
        "is_active": true,
        "date_joined": "2021-08-11T10:50:42.670Z",
        "groups": [],
        "user_permissions": []
    }
},
{
    "model": "pages.team",
    "pk": 1,
    "fields": {
        "first_name": "Nuruddin",
        "last_name": "Sayed",
        "designation": "Software Engineer",
        "photo": "photos/2021/08/08/Screenshot_2021-08-08_at_5.39.35_PM.png",
        "facebook_profile": "https://www.facebook.com/nuruddinsayeed/",
        "twitter_profile": "https://twitter.com/home",
        "google_plus_profile": "http://www.google.com",
        "created_at": "2021-08-07T23:50:36.438Z"
    }
},
{
    "model": "pages.team",
    "pk": 2,
    "fields": {
        "first_name": "Martin",
        "last_name": "Smith",
        "designation": "Web Developer",
        "photo": "photos/2021/08/08/avatar-4.jpg",
        "facebook_profile": "http://www.facebook.com",
        "twitter_profile": "http://www.twitter.com",
        "google_plus_profile": "http://www.google.com",
        "created_at": "2021-08-08T00:00:15.347Z"
    }
},
{
    "model": "pages.team",
    "pk": 3,
    "fields": {
        "first_name": "Mr",
        "last_name": "Mung",
        "designation": "Creative Director",
        "photo": "photos/2021/08/08/avatar-11.jpg",
        "facebook_profile": "http://www.facebook.com",
        "twitter_profile": "http://www.twitter.com",
        "google_plus_profile": "http://www.google.com",
        "created_at": "2021-08-08T00:01:04.901Z"
    }
},
{
    "model": "pages.team",
    "pk": 4,
    "fields": {
        "first_name": "Melica",
        "last_name": "Nelson",
        "designation": "Support Manager",
        "photo": "photos/2021/08/08/avatar-2.jpg",
        "facebook_profile": "http://www.facebook.com",
        "twitter_profile": "http://www.twitter.com",
        "google_plus_profile": "http://www.google.com",
        "created_at": "2021-08-08T00:01:55.038Z"
    }
},
{
    "model": "pages.team",
    "pk": 5,
    "fields": {
        "first_name": "Dragon",
        "last_name": "Mullar",
        "designation": "Manager",
        "photo": "photos/2021/08/08/avatar-12.jpg",
        "facebook_profile": "http://www.facebook.com",
        "twitter_profile": "http://www.twitter.com",
        "google_plus_profile": "http://www.google.com",
        "created_at": "2021-08-08T00:02:46.639Z"
    }
},
{
    "model": "pages.team",
    "pk": 6,
    "fields": {
        "first_name": "Martin",
        "last_name": "Smith",
        "designation": "Project Manager",
        "photo": "photos/2021/08/08/avatar-10.jpg",
        "facebook_profile": "http://www.facebook.com",
        "twitter_profile": "http://www.twitter.com",
        "google_plus_profile": "http://www.google.com",
        "created_at": "2021-08-08T00:03:38.561Z"
    }
},
{
    "model": "cars.car",
    "pk": 1,
    "fields": {
        "car_title": "Ferrari 458",
        "state": "VA",
        "city": "New York",
        "color": "White",
        "model": "458 GTB",
        "year": 2017,
        "condition": "Used",
        "price": 150000,
        "max_price": 250000,
        "description": "<p>Ferrari 458&nbsp;Lorem ipsum dolor sit amet, consectetur adipiscing elit. Nulla elit dui, rhoncus a est non, volutpat consectetur neque. Aliquam fringilla maximus nibh. Vestibulum efficitur ac sem eu finibus. Sed justo arcu, tincidunt sed suscipit nec, semper non urna. Ut ut dignissim felis.&nbsp;Lorem ipsum dolor sit amet, consectetur adipiscing elit. Nulla elit dui, rhoncus a est non, volutpat consectetur neque. Aliquam fringilla maximus nibh. Vestibulum efficitur ac sem eu finibus. Sed justo arcu, tincidunt sed suscipit nec, semper non urna. Ut ut dignissim felis.&nbsp;</p>\r\n\r\n<p>Lorem ipsum dolor sit amet, consectetur adipiscing elit. Nulla elit dui, rhoncus a est non, volutpat consectetur neque. Aliquam fringilla maximus nibh. Vestibulum efficitur ac sem eu finibus. Sed justo arcu, tincidunt sed suscipit nec, semper non urna. Ut ut dignissim felis.&nbsp;</p>\r\n\r\n<p>Lorem ipsum dolor sit amet, consectetur adipiscing elit. Nulla elit dui, rhoncus a est non, volutpat consectetur neque. Aliquam fringilla maximus nibh. Vestibulum efficitur ac sem eu finibus. Sed justo arcu, tincidunt sed suscipit nec, semper non urna. Ut ut dignissim felis.&nbsp;Lorem ipsum dolor sit amet, consectetur adipiscing elit. Nulla elit dui, rhoncus a est non, volutpat consectetur neque. Aliquam fringilla maximus nibh. Vestibulum efficitur ac sem eu finibus. Sed justo arcu, tincidunt sed suscipit nec, semper non urna. Ut ut dignissim felis.&nbsp;Lorem ipsum dolor sit amet, consectetur adipiscing elit. Nulla elit dui, rhoncus a est non, volutpat consectetur neque. Aliquam fringilla maximus nibh. Vestibulum efficitur ac sem eu finibus. Sed justo arcu, tincidunt sed suscipit nec, semper non urna. Ut ut dignissim felis.&nbsp;</p>",
        "car_photo": "photos/2021/08/08/1902536891_GRIoS5M.jpg",
        "car_photo1": "photos/2021/08/08/1902537082_1yk2yaj.jpg",
        "car_photo2": "photos/2021/08/08/1902537043_yNW9EaN.jpg",
        "car_photo3": "photos/2021/08/08/1902537077_lYTnGAA.jpg",
        "car_photo4": "photos/2021/08/08/1902536917_emD1xA4.jpg",
        "features": "Cruise Control,Airbags,Air Conditioning,Alarm System,Reversing Camera,Direct Fuel Injection,Wind Deflector,Bluetooth Handset",
        "body_style": "Sport",
        "engine": "3.8L Max-Engine V3",
        "transmission": "Automatic",
        "interior": "Grey",
        "miles": 3000,
        "doors": "2",
        "passengers": 2,
        "vin_no": "SDSDV56431",
        "milage": 5,
        "fuel_type": "PETROL",
        "no_of_owners": "1",
        "is_featured": true,
        "created_date": "2021-08-08T17:41:16Z"
    }
},
{
    "model": "cars.car",
    "pk": 2,
    "fields": {
        "car_title": "Forde Edge",
        "state": "NJ",
        "city": "Dhaka",
        "color": "Black",
        "model": "EDGE",
        "year": 2017,
        "condition": "Used",
        "price": 20000,
        "max_price": 0,
        "description": "<p>Forde Edge&nbsp;Maecenas quis ornare diam. Nullam et nibh a turpis eleifend sagittis. Morbi a ligula viverra, pretium felis volutpat, facilisis turpis. Vestibulum quis odio nulla. Vivamus id convallis magna. Morbi nec fringilla eros.</p>\r\n\r\n<p>Nulla pulvinar lorem non enim iaculis elementum. Maecenas eleifend at ex vitae tincidunt. Nunc erat erat, maximus sit amet faucibus id, egestas vitae ligula. Maecenas tincidunt euismod sem vel luctus. Fusce posuere augue lorem, et maximus orci pharetra ut. Fusce est justo, mollis a lorem ac, gravida elementum lectus. In hac habitasse platea dictumst. Proin imperdiet auctor consequat. Vestibulum ante ipsum primis in faucibus orci luctus et ultrices posuere cubilia curae; Maecenas et sodales mi. Integer efficitur leo nec dapibus tristique.</p>",
        "car_photo": "photos/2021/08/08/1901478607.jpg",
        "car_photo1": "photos/2021/08/08/1901478618.jpg",
        "car_photo2": "photos/2021/08/08/1901478646.jpg",
        "car_photo3": "photos/2021/08/08/1901478672.jpg",
        "car_photo4": "photos/2021/08/08/1901478687.jpg",
        "features": "Cruise Control,Airbags,Seat Heating,ParkAssist,Reversing Camera,Direct Fuel Injection",
        "body_style": "MINIVAN",
        "engine": "3.87L Mid-Engine V5",
        "transmission": "Automatic",
        "interior": "Grey",
        "miles": 10000,
        "doors": "4",
        "passengers": 3,
        "vin_no": "DSDF5DV56431",
        "milage": 6,
        "fuel_type": "ELECTRONIC",
        "no_of_owners": "1",
        "is_featured": false,
        "created_date": "2021-08-08T17:51:42Z"
    }
},
{
    "model": "cars.car",
    "pk": 3,
    "fields": {
        "car_title": "Forde Super Duty",
        "state": "FL",
        "city": "Cumilla",
        "color": "Black",
        "model": "33RR",
        "year": 2015,
        "condition": "Used",
        "price": 37999,
        "max_price": 0,
        "description": "<p>Forde Super Duty Proin odio ligula, suscipit eu elit eu, tristique laoreet tortor. Pellentesque feugiat mattis ipsum, non ornare lectus porttitor ut. Suspendisse ipsum nibh, tristique vitae interdum quis, sagittis vitae metus. Curabitur nulla eros, convallis ac magna vitae, dapibus convallis nulla. In hac habitasse platea dictumst.</p>\r\n\r\n<p>Fusce sit amet leo fermentum, ullamcorper odio vitae, blandit felis. Mauris nulla magna, sollicitudin ut fermentum sed, aliquam eu metus. Cras ultrices sed nisl ut blandit. Sed bibendum pellentesque enim, eget vulputate magna tristique eu. Nullam quis metus mi. Mauris quis sem malesuada, sagittis quam et, efficitur mauris. Aenean posuere ornare ante eget tempus.</p>",
        "car_photo": "photos/2021/08/08/1894300894.jpg",
        "car_photo1": "photos/2021/08/08/1894300905.jpg",
        "car_photo2": "photos/2021/08/08/1894300920.jpg",
        "car_photo3": "photos/2021/08/08/1900155012.jpg",
        "car_photo4": "photos/2021/08/08/1900155133.jpg",
        "features": "Cruise Control,Audio Interface,Airbags,Seat Heating,Direct Fuel Injection,Auto Start/Stop",
        "body_style": "HATCHBACK",
        "engine": "4.5L Dse-Engine V3",
        "transmission": "Manual",
        "interior": "Grey",
        "miles": 1500,
        "doors": "2",
        "passengers": -1,
        "vin_no": "DBHESXDV56431",
        "milage": 4,
        "fuel_type": "DISEL",
        "no_of_owners": "1",
        "is_featured": false,
        "created_date": "2021-08-08T17:56:33Z"
    }
},
{
    "model": "cars.car",
    "pk": 4,
    "fields": {
        "car_title": "Jaguar PACE",
        "state": "DE",
        "city": "Chittagong",
        "color": "Blue",
        "model": "PACE E5",
        "year": 2019,
        "condition": "Used",
        "price": 35000,
        "max_price": 0,
        "description": "<p>Jaguar PACE justo, pharetra quis consectetur et, bibendum sit amet lectus. Sed imperdiet tempor gravida. Proin odio ligula, suscipit eu elit eu, tristique laoreet tortor. Pellentesque feugiat mattis ipsum, non ornare lectus porttitor ut. Suspendisse ipsum nibh, tristique vitae interdum quis, sagittis vitae metus. Curabitur nulla eros, convallis ac magna vitae, dapibus convallis nulla. In hac habitasse platea dictumst.</p>\r\n\r\n<p>Fusce sit amet leo fermentum, ullamcorper odio vitae, blandit felis. Mauris nulla magna, sollicitudin ut fermentum sed, aliquam eu metus. Cras ultrices sed nisl ut blandit. Sed bibendum pellentesque enim, eget vulputate magna tristique eu. Nullam quis metus mi. Mauris quis sem malesuada, sagittis quam et, efficitur mauris. Aenean posuere ornare ante eget tempus.</p>\r\n\r\n<p>Curabitur sollicitudin enim eu magna eleifend convallis. Aliquam id eros convallis, ultrices augue non, cursus felis. Interdum et malesuada fames ac ante ipsum primis in faucibus. Aliquam id urna maximus, faucibus risus eu, ornare nisl. Pellentesque varius blandit lorem eget commodo. Aliquam semper felis non elit vulputate, non pharetra eros viverra. Duis et viverra augue, a consequat felis. Aenean non porttitor mi. In mi dolor, sagittis a lacinia quis, rhoncus vitae dui. Quisque vitae justo justo. Vestibulum&nbsp;</p>",
        "car_photo": "photos/2021/08/08/1902932542.jpg",
        "car_photo1": "photos/2021/08/08/1902932514.jpg",
        "car_photo2": "photos/2021/08/08/1902932528.jpg",
        "car_photo3": "photos/2021/08/08/1902932503.jpg",
        "car_photo4": "",
        "features": "Audio Interface,Airbags,Alarm System,ParkAssist,Direct Fuel Injection",
        "body_style": "HATCHBACK",
        "engine": "3.8L Max-Engine V5",
        "transmission": "Automatic",
        "interior": "Grey",
        "miles": 10000,
        "doors": "4",
        "passengers": 5,
        "vin_no": "DGDF5DV56431",
        "milage": 4,
        "fuel_type": "ELECTRONIC",
        "no_of_owners": "1",
        "is_featured": true,
        "created_date": "2021-08-08T17:59:19Z"
    }
},
{
    "model": "cars.car",
    "pk": 5,
    "fields": {
        "car_title": "Toyota 4Runner",
        "state": "NJ",
        "city": "Dhaka",
        "color": "Silver",
        "model": "4RunnerE3",
        "year": 2020,
        "condition": "Used",
        "price": 25000,
        "max_price": 0,
        "description": "<p>Toyota 4Runner&nbsp;unt euismod sem vel luctus. Fusce posuere augue lorem, et maximus orci pharetra ut. Fusce est justo, mollis a lorem ac, gravida elementum lectus. In hac habitasse platea dictumst. Proin imperdiet auctor consequat. Vestibulum ante ipsum primis in faucibus orci luctus et ultrices posuere cubilia curae; Maecenas et sodales mi. Integer efficitur leo nec dapibus tristique.</p>\r\n\r\n<p>Cras vitae tincidunt sem. Nam sit amet cursus turpis. Pellentesque eleifend, justo sit amet egestas cursus, arcu purus semper massa, in aliquam velit nunc sed eros. Etiam augue justo, pharetra quis consectetur et, bibendum sit amet lectus. Sed imperdiet tempor gravida. Proin odio ligula, suscipit eu elit eu, tristique laoreet tortor. Pellentesque feugiat mattis ipsum, non ornare lectus porttitor ut. Suspendisse ipsum nibh, tristique vitae interdum quis, sagittis vitae metus. Curabitur nulla eros, convallis ac magna vitae, dapibus convallis nulla. In hac habitasse platea dictumst.</p>",
        "car_photo": "photos/2021/08/08/1893633875.jpg",
        "car_photo1": "photos/2021/08/08/1893633879.jpg",
        "car_photo2": "photos/2021/08/08/1893633884.jpg",
        "car_photo3": "photos/2021/08/08/1896836883.jpg",
        "car_photo4": "photos/2021/08/08/1896836887.jpg",
        "features": "Cruise Control,Audio Interface,Airbags,ParkAssist",
        "body_style": "COUPE",
        "engine": "3.87L Mid-Engine V5",
        "transmission": "Automatic",
        "interior": "Grey",
        "miles": 5000,
        "doors": "4",
        "passengers": 2,
        "vin_no": "DSDFGDV56431",
        "milage": 4,
        "fuel_type": "PETROL",
        "no_of_owners": "1",
        "is_featured": true,
        "created_date": "2021-08-08T18:02:22Z"
    }
},
{
    "model": "cars.car",
    "pk": 6,
    "fields": {
        "car_title": "Toyota Corolla",
        "state": "KS",
        "city": "Khulna",
        "color": "White",
        "model": "G-Corolla",
        "year": 2021,
        "condition": "New",
        "price": 26000,
        "max_price": 27000,
        "description": "<p>Toyota Corolla Cras vitae tincidunt sem. Nam sit amet cursus turpis. Pellentesque eleifend, justo sit amet egestas cursus, arcu purus semper massa, in aliquam velit nunc sed eros. Etiam augue justo, pharetra quis consectetur et, bibendum sit amet lectus. Sed imperdiet tempor gravida. Proin odio ligula, suscipit eu elit eu, tristique laoreet tortor. Pellentesque feugiat mattis ipsum, non ornare lectus porttitor ut. Suspendisse ipsum nibh, tristique vitae interdum quis, sagittis vitae metus. Curabitur nulla eros, convallis ac magna vitae, dapibus convallis nulla. In hac habitasse platea dictumst.</p>\r\n\r\n<p>Fusce sit amet leo fermentum, ullamcorper odio vitae, blandit felis. Mauris nulla magna, sollicitudin ut fermentum sed, aliquam eu metus. Cras ultrices sed nisl ut blandit. Sed bibendum pellentesque enim, eget vulputate magna tristique eu. Nullam quis metus mi. Mauris quis sem malesuada, sagittis quam et, efficitur mauris. Aenean posuere ornare ante eget tempus.</p>\r\n\r\n<p>Curabitur sollicitudin enim eu magna eleifend convallis. Aliquam id eros convallis, ultrices augue non, cursus felis. Interdum et malesuada fames ac ante ipsum primis in faucibus. Aliquam id urna maximus, faucibus risus eu, ornare nisl. Pellentesque varius blandit lorem eget commodo. Aliquam semper felis non elit vulputate, non pharetra eros viverra. Duis et viverra augue, a consequat felis. Aenean non porttitor mi. In mi dolor, sagittis a lacinia quis, rhoncus vitae dui. Quisque vitae justo justo.&nbsp;</p>",
        "car_photo": "photos/2021/08/08/1900893299.jpg",
        "car_photo1": "photos/2021/08/08/1900893311.jpg",
        "car_photo2": "photos/2021/08/08/1900893319.jpg",
        "car_photo3": "photos/2021/08/08/1900893329.jpg",
        "car_photo4": "photos/2021/08/08/1900893391.jpg",
        "features": "Cruise Control,Audio Interface,Airbags,Air Conditioning,Alarm System,Reversing Camera,Auto Start/Stop",
        "body_style": "SEDAN",
        "engine": "3.8L Max-Engine V3",
        "transmission": "Automatic",
        "interior": "Grey",
        "miles": 0,
        "doors": "4",
        "passengers": 4,
        "vin_no": "SSDSDFDV56431",
        "milage": 6,
        "fuel_type": "HYBRID",
        "no_of_owners": "1",
        "is_featured": true,
        "created_date": "2021-08-08T18:04:52Z"
    }
},
{
    "model": "cars.car",
    "pk": 10,
    "fields": {
        "car_title": "LAMBORGHINI HURACÁN",
        "state": "PA",
        "city": "Tampa City,",
        "color": "Red",
        "model": "HURACÁN",
        "year": 2019,
        "condition": "Brand New",
        "price": 282000,
        "max_price": 282500,
        "description": "<p>Lorem ipsum dolor sit amet, consectetur adipiscing elit. Maecenas in pulvinar neque. Nulla finibus lobortis pulvinar. Donec a consectetur nulla. Nulla posuere sapien vitae lectus suscipit, et pulvinar nisi tincidunt. Aliquam erat volutpat. Curabitur convallis fringilla diam sed aliquam. Sed tempor iaculis massa faucibus feugiat. In fermentum facilisis massa, a consequat purus viverra a. Aliquam pellentesque nibh et nibh feugiat gravida. Maecenas ultricies, diam vitae semper placerat, velit risus accumsan nisl, eget tempor lacus est vel nunc. Proin accumsan elit sed neque euismod fringilla. Curabitur lobortis nunc velit, et fermentum urna dapibus non. Vivamus magna lorem, elementum id gravida ac, laoreet tristique augue. Maecenas dictum lacus eu nunc porttitor, ut hendrerit arcu efficitur.</p>\r\n\r\n<p>Aliquam ultricies nunc porta metus interdum mollis. Donec porttitor libero augue, vehicula tincidunt lectus placerat a. Sed tincidunt dolor non sem dictum dignissim. Nulla vulputate orci felis, ac ornare purus ultricies a. Fusce euismod magna orci, sit amet aliquam turpis dignissim ac. In at tortor at ligula pharetra sollicitudin. Sed tincidunt, purus eget laoreet elementum, felis est pharetra ante, tincidunt feugiat libero enim sed risus. Sed at leo sit amet mi bibendum aliquam. Interdum et malesuada fames ac ante ipsum primis in faucibus. Praesent cursus varius odio, non faucibus dui. Nunc vehicula lectus sed velit suscipit aliquam vitae eu ipsum. adipiscing elit.</p>",
        "car_photo": "photos/2021/08/09/car-1.jpg",
        "car_photo1": "photos/2021/08/09/car-10.jpg",
        "car_photo2": "photos/2021/08/09/car-11.jpg",
        "car_photo3": "photos/2021/08/09/car-2.jpg",
        "car_photo4": "photos/2021/08/09/car-12.jpg",
        "features": "Cruise Control,Audio Interface,Airbags,Air Conditioning,Seat Heating,Power Steering,Reversing Camera,Auto Start/Stop,Wind Deflector,Bluetooth Handset",
        "body_style": "Sport",
        "engine": "3.4L Mid-Engine V6",
        "transmission": "6-speed Manual",
        "interior": "Agate Grey",
        "miles": 12,
        "doors": "2",
        "passengers": 2,
        "vin_no": "WP0AB2E81EK190171",
        "milage": 20,
        "fuel_type": "Gasoline",
        "no_of_owners": "0",
        "is_featured": true,
        "created_date": "2021-08-09T14:40:19Z"
    }
},
{
    "model": "cars.car",
    "pk": 11,
    "fields": {
        "car_title": "Audi Q7 2018",
        "state": "TX",
        "city": "Dhaka",
        "color": "Red",
        "model": "Cayenne",
        "year": 2018,
        "condition": "Used",
        "price": 35000,
        "max_price": 0,
        "description": "<p>Lorem ipsum dolor sit amet, consectetur adipiscing elit. Maecenas in pulvinar neque. Nulla finibus lobortis pulvinar. Donec a consectetur nulla. Nulla posuere sapien vitae lectus suscipit, et pulvinar nisi tincidunt. Aliquam erat volutpat. Curabitur convallis fringilla diam sed aliquam. Sed tempor iaculis massa faucibus feugiat. In fermentum facilisis massa, a consequat purus viverra a. Aliquam pellentesque nibh et nibh feugiat gravida. Maecenas ultricies, diam vitae semper placerat, velit risus accumsan nisl, eget tempor lacus est vel nunc. Proin accumsan elit sed neque euismod fringilla. Curabitur lobortis nunc velit, et fermentum urna dapibus non. Vivamus magna lorem, elementum id gravida ac, laoreet tristique augue. Maecenas dictum lacus eu nunc porttitor, ut hendrerit arcu efficitur.</p>\r\n\r\n<p>Aliquam ultricies nunc porta metus interdum mollis. Donec porttitor libero augue, vehicula tincidunt lectus placerat a. Sed tincidunt dolor non sem dictum dignissim. Nulla vulputate orci felis, ac ornare purus ultricies a. Fusce euismod magna orci, sit amet aliquam turpis dignissim ac. In at tortor at ligula pharetra sollicitudin. Sed tincidunt, purus eget laoreet elementu</p>",
        "car_photo": "photos/2021/08/09/car-6.jpg",
        "car_photo1": "photos/2021/08/09/car-3.jpg",
        "car_photo2": "photos/2021/08/09/car-4.jpg",
        "car_photo3": "photos/2021/08/09/car-2_nhbTNNv.jpg",
        "car_photo4": "photos/2021/08/09/car-5.jpg",
        "features": "Cruise Control,Audio Interface,Airbags,Air Conditioning,Seat Heating,Alarm System,ParkAssist,Power Steering,Auto Start/Stop",
        "body_style": "SEDAN",
        "engine": "4.5L Dse-Engine V3",
        "transmission": "Automatic",
        "interior": "Agate Grey",
        "miles": 6000,
        "doors": "4",
        "passengers": 3,
        "vin_no": "SDFSDFE81EK190171",
        "milage": 6,
        "fuel_type": "PETROL",
        "no_of_owners": "1",
        "is_featured": false,
        "created_date": "2021-08-09T14:46:08Z"
    }
},
{
    "model": "inquiry.inquiry",
    "pk": 7,
    "fields": {
        "car": 3,
        "user": [
            "sayed"
        ],
        "name": "sayed",
        "customer_query": "I'd like to test drive this",
        "city": "Dhaka",
        "state": "malesuada",
        "email": "nuruddinsayeed14@gmail.com",
        "phone": "+8801622467448",
        "comment": "The Quick Brown fox jumps over the lazy dog",
        "created_at": "2021-08-14T11:55:54.223Z"
    }
},
{
    "model": "inquiry.inquiry",
    "pk": 8,
    "fields": {
        "car": 1,
        "user": null,
        "name": "nuruddinsayeed14@gmail.com",
        "customer_query": "I'm interested in this",
        "city": "Dhaka",
        "state": "Dhaka",
        "email": "nuruddinsayeed14@gmail.com",
        "phone": "+8801622467448",
        "comment": "",
        "created_at": "2021-08-14T12:18:58.405Z"
    }
},
{
    "model": "inquiry.inquiry",
    "pk": 9,
    "fields": {
        "car": 11,
        "user": [
            "sayed"
        ],
        "name": "sayed",
        "customer_query": "I'd like a history report for this",
        "city": "Cumilla",
        "state": "n enim e",
        "email": "nuruddinsayeed14@gmail.com",
        "phone": "+8801622467448",
        "comment": "",
        "created_at": "2021-08-14T12:19:53.587Z"
    }
},
{
    "model": "inquiry.inquiry",
    "pk": 10,
    "fields": {
        "car": 5,
        "user": [
            "sayed"
        ],
        "name": "sayed",
        "customer_query": "I'd like to test drive this",
        "city": "Barsalona",
        "state": "France",
        "email": "nuruddin@gmail.com",
        "phone": "+8801622467448",
        "comment": "",
        "created_at": "2021-08-14T23:45:14.585Z"
    }
},
{
    "model": "inquiry.inquiry",
    "pk": 11,
    "fields": {
        "car": 5,
        "user": [
            "sayed"
        ],
        "name": "sayed",
        "customer_query": "I'd like to test drive this",
        "city": "Barsalona",
        "state": "France",
        "email": "nuruddin@gmail.com",
        "phone": "+8801622467448",
        "comment": "",
        "created_at": "2021-08-14T23:45:17.469Z"
    }
},
{
    "model": "inquiry.inquiry",
    "pk": 12,
    "fields": {
        "car": 10,
        "user": null,
        "name": "Mr Funjoo",
        "customer_query": "I'm interested in this",
        "city": "Hongkong",
        "state": "China",
        "email": "mr@mong.com",
        "phone": "2131325165",
        "comment": "",
        "created_at": "2021-08-14T23:48:02.516Z"
    }
},
{
    "model": "inquiry.inquiry",
    "pk": 13,
    "fields": {
        "car": 10,
        "user": [
            "nuruddin"
        ],
        "name": "nuruddin",
        "customer_query": "I'd like to test drive this",
        "city": "Cumilla",
        "state": "France",
        "email": "nuruddinsayeed14@gmail.com",
        "phone": "+8801622467448",
        "comment": "",
        "created_at": "2021-08-15T01:40:34.117Z"
    }
},
{
    "model": "socialaccount.socialaccount",
    "pk": 1,
    "fields": {
        "user": [
            "nuruddin"
        ],
        "provider": "facebook",
        "uid": "4254777604610479",
        "last_login": "2021-08-15T01:36:35.408Z",
        "date_joined": "2021-08-11T09:37:43.983Z",
        "extra_data": "{\"id\": \"4254777604610479\", \"name\": \"Nuruddin Sayed\", \"first_name\": \"Nuruddin\", \"last_name\": \"Sayed\"}"
    }
},
{
    "model": "socialaccount.socialaccount",
    "pk": 2,
    "fields": {
        "user": [
            "nuruddin4"
        ],
        "provider": "google",
        "uid": "105215768325629903127",
        "last_login": "2021-08-13T14:03:43.765Z",
        "date_joined": "2021-08-11T09:54:56.017Z",
        "extra_data": "{\"id\": \"105215768325629903127\", \"name\": \"Nuruddin Syeed\", \"given_name\": \"Nuruddin\", \"family_name\": \"Syeed\", \"picture\": \"https://lh3.googleusercontent.com/a-/AOh14GgjoKoT7ODSBBKrijdvp2dsd93oOsb204_QbYlcQw=s96-c\", \"locale\": \"en\"}"
    }
},
{
    "model": "socialaccount.socialaccount",
    "pk": 3,
    "fields": {
        "user": [
            "linuxplus"
        ],
        "provider": "google",
        "uid": "102391141670219936198",
        "last_login": "2021-08-11T10:50:42.676Z",
        "date_joined": "2021-08-11T10:50:42.676Z",
        "extra_data": "{\"id\": \"102391141670219936198\", \"name\": \"LinuxPlus\", \"given_name\": \"LinuxPlus\", \"picture\": \"https://lh3.googleusercontent.com/a-/AOh14GiBXUM-4p3CBziuPCv9i2vNE2c6u8SRDvXDAGStUQ=s96-c\", \"locale\": \"en\"}"
    }
},
{
    "model": "admin.logentry",
    "pk": 1,
    "fields": {
        "action_time": "2021-08-11T09:29:52.021Z",
        "user": [
            "sayed"
        ],
        "content_type": [
            "sites",
            "site"
        ],
        "object_id": "1",
        "object_repr": "facebook.com",
        "action_flag": 2,
        "change_message": "[{\"changed\": {\"fields\": [\"Domain name\", \"Display name\"]}}]"
    }
},
{
    "model": "admin.logentry",
    "pk": 2,
    "fields": {
        "action_time": "2021-08-11T09:31:36.935Z",
        "user": [
            "sayed"
        ],
        "content_type": [
            "socialaccount",
            "socialapp"
        ],
        "object_id": "1",
        "object_repr": "Facebook Login",
        "action_flag": 1,
        "change_message": "[{\"added\": {}}]"
    }
},
{
    "model": "admin.logentry",
    "pk": 3,
    "fields": {
        "action_time": "2021-08-11T09:31:55.894Z",
        "user": [
            "sayed"
        ],
        "content_type": [
            "sites",
            "site"
        ],
        "object_id": "1",
        "object_repr": "localhost:8000/",
        "action_flag": 2,
        "change_message": "[{\"changed\": {\"fields\": [\"Domain name\", \"Display name\"]}}]"
    }
},
{
    "model": "admin.logentry",
    "pk": 4,
    "fields": {
        "action_time": "2021-08-11T09:52:47.392Z",
        "user": [
            "sayed"
        ],
        "content_type": [
            "socialaccount",
            "socialapp"
        ],
        "object_id": "2",
        "object_repr": "Google Login",
        "action_flag": 1,
        "change_message": "[{\"added\": {}}]"
    }
},
{
    "model": "admin.logentry",
    "pk": 5,
    "fields": {
        "action_time": "2021-08-14T00:44:15.868Z",
        "user": [
            "sayed"
        ],
        "content_type": [
            "inquiry",
            "inquiry"
        ],
        "object_id": "1",
        "object_repr": "Nur Uddin Muhammad Syeed: (Ferrari 458)",
        "action_flag": 1,
        "change_message": "[{\"added\": {}}]"
    }
},
{
    "model": "admin.logentry",
    "pk": 6,
    "fields": {
        "action_time": "2021-08-15T01:36:58.766Z",
        "user": [
            "sayed"
        ],
        "content_type": [
            "inquiry",
            "inquiry"
        ],
        "object_id": "6",
        "object_repr": "nuruddin: (LAMBORGHINI HURACÁN)",
        "action_flag": 3,
        "change_message": ""
    }
},
{
    "model": "admin.logentry",
    "pk": 7,
    "fields": {
        "action_time": "2021-08-15T01:36:58.771Z",
        "user": [
            "sayed"
        ],
        "content_type": [
            "inquiry",
            "inquiry"
        ],
        "object_id": "5",
        "object_repr": "nuruddin: (LAMBORGHINI HURACÁN)",
        "action_flag": 3,
        "change_message": ""
    }
},
{
    "model": "admin.logentry",
    "pk": 8,
    "fields": {
        "action_time": "2021-08-15T01:36:58.772Z",
        "user": [
            "sayed"
        ],
        "content_type": [
            "inquiry",
            "inquiry"
        ],
        "object_id": "4",
        "object_repr": "nuruddin: (LAMBORGHINI HURACÁN)",
        "action_flag": 3,
        "change_message": ""
    }
},
{
    "model": "admin.logentry",
    "pk": 9,
    "fields": {
        "action_time": "2021-08-15T01:36:58.773Z",
        "user": [
            "sayed"
        ],
        "content_type": [
            "inquiry",
            "inquiry"
        ],
        "object_id": "3",
        "object_repr": "nuruddin: (LAMBORGHINI HURACÁN)",
        "action_flag": 3,
        "change_message": ""
    }
},
{
    "model": "admin.logentry",
    "pk": 10,
    "fields": {
        "action_time": "2021-08-15T01:36:58.773Z",
        "user": [
            "sayed"
        ],
        "content_type": [
            "inquiry",
            "inquiry"
        ],
        "object_id": "2",
        "object_repr": "nuruddin: (LAMBORGHINI HURACÁN)",
        "action_flag": 3,
        "change_message": ""
    }
},
{
    "model": "admin.logentry",
    "pk": 11,
    "fields": {
        "action_time": "2021-08-15T01:36:58.774Z",
        "user": [
            "sayed"
        ],
        "content_type": [
            "inquiry",
            "inquiry"
        ],
        "object_id": "1",
        "object_repr": "nuruddin: (LAMBORGHINI HURACÁN)",
        "action_flag": 3,
        "change_message": ""
    }
}
]
